INSERT INTO users (id, name, username, password, role)
VALUES (1, '예약자', 'reserver@test.com', '$2a$10$dummyhash', 'MEMBER');

INSERT INTO users (id, name, username, password, role)
VALUES (2, '관리자', 'admin',
        '$argon2id$v=19$m=8192,t=2,p=1$5gcmt3W20ywNBUiY5F4e4w$n2bxIuoSgK1bI2l4NXdtl8EjTBFBgfTw9/dgQr9AYWI', 'MANAGER');

ALTER TABLE users
    ALTER COLUMN id RESTART WITH 10;

INSERT INTO store (id, name)
VALUES (1, '강남점'),
       (2, '잠실점');

ALTER TABLE store
    ALTER COLUMN id RESTART WITH 10;

INSERT INTO store_managers (store_id, user_id)
VALUES (1, 2),
       (2, 2);

INSERT INTO theme (id, name, description, thumbnail_image_url)
VALUES (1, '우테코 방탈출', '우테코 시그니처 테마입니다.', 'https://example.com/thumbnails/theme1.png'),
       (2, '저주받은 인형', '공포 장르 테마입니다.', 'https://example.com/thumbnails/theme2.png'),
       (3, '미스터리 살인사건', '추리 장르 테마입니다.', 'https://example.com/thumbnails/theme3.png'),
       (4, '우주 탐험', '우주 배경 SF 테마입니다.', 'https://example.com/thumbnails/theme4.png'),
       (5, '중세 성의 비밀', '중세 판타지 테마입니다.', 'https://example.com/thumbnails/theme5.png'),
       (6, '마법사의 탑', '마법 세계 테마입니다.', 'https://example.com/thumbnails/theme6.png'),
       (7, '좀비 아포칼립스', '좀비 서바이벌 테마입니다.', 'https://example.com/thumbnails/theme7.png'),
       (8, '탐정 사무소', '노아르 추리 테마입니다.', 'https://example.com/thumbnails/theme8.png'),
       (9, '해저 탐험', '심해 탐험 테마입니다.', 'https://example.com/thumbnails/theme9.png'),
       (10, '시간 여행', '타임루프 테마입니다.', 'https://example.com/thumbnails/theme10.png'),
       (11, '지하 던전', '다크 판타지 테마입니다.', 'https://example.com/thumbnails/theme11.png'),
       (12, '마피아 하우스', '사회적 추리 테마입니다.', 'https://example.com/thumbnails/theme12.png'),
       (13, '빙하 기지', '빙하 SF 테마입니다.', 'https://example.com/thumbnails/theme13.png'),
       (14, '화산 탈출', '재난 탈출 테마입니다.', 'https://example.com/thumbnails/theme14.png'),
       (15, '사막의 신전', '고대 문명 테마입니다.', 'https://example.com/thumbnails/theme15.png');

ALTER TABLE theme
    ALTER COLUMN id RESTART WITH 20;

INSERT INTO reservation_time (id, start_at)
VALUES (1, '10:00:00'),
       (2, '11:00:00'),
       (3, '12:00:00'),
       (4, '13:00:00'),
       (5, '14:00:00'),
       (6, '15:00:00'),
       (7, '16:00:00'),
       (8, '17:00:00'),
       (9, '18:00:00');

ALTER TABLE reservation_time
    ALTER COLUMN id RESTART WITH 10;

-- 슬롯/예약 시드 (정규화: reservation_slot 1:1 reservation)
INSERT INTO reservation_slot (id, date, theme_id, time_id, store_id)
VALUES
    (1, DATEADD('DAY', -6, CURRENT_DATE), 1, 1, 1),
    (2, DATEADD('DAY', -6, CURRENT_DATE), 1, 2, 1),
    (3, DATEADD('DAY', -6, CURRENT_DATE), 1, 3, 1),
    (4, DATEADD('DAY', -6, CURRENT_DATE), 1, 4, 1),
    (5, DATEADD('DAY', -5, CURRENT_DATE), 1, 1, 1),
    (6, DATEADD('DAY', -5, CURRENT_DATE), 1, 2, 1),
    (7, DATEADD('DAY', -5, CURRENT_DATE), 1, 3, 1),
    (8, DATEADD('DAY', -5, CURRENT_DATE), 1, 4, 1),
    (9, DATEADD('DAY', -4, CURRENT_DATE), 1, 1, 1),
    (10, DATEADD('DAY', -4, CURRENT_DATE), 1, 2, 1),
    (11, DATEADD('DAY', -6, CURRENT_DATE), 2, 1, 1),
    (12, DATEADD('DAY', -6, CURRENT_DATE), 2, 2, 1),
    (13, DATEADD('DAY', -6, CURRENT_DATE), 2, 3, 1),
    (14, DATEADD('DAY', -6, CURRENT_DATE), 2, 4, 1),
    (15, DATEADD('DAY', -5, CURRENT_DATE), 2, 1, 1),
    (16, DATEADD('DAY', -5, CURRENT_DATE), 2, 2, 1),
    (17, DATEADD('DAY', -5, CURRENT_DATE), 2, 3, 1),
    (18, DATEADD('DAY', -5, CURRENT_DATE), 2, 4, 1),
    (19, DATEADD('DAY', -4, CURRENT_DATE), 2, 1, 1),
    (20, DATEADD('DAY', -6, CURRENT_DATE), 3, 1, 1),
    (21, DATEADD('DAY', -6, CURRENT_DATE), 3, 2, 1),
    (22, DATEADD('DAY', -6, CURRENT_DATE), 3, 3, 1),
    (23, DATEADD('DAY', -6, CURRENT_DATE), 3, 4, 1),
    (24, DATEADD('DAY', -5, CURRENT_DATE), 3, 1, 1),
    (25, DATEADD('DAY', -5, CURRENT_DATE), 3, 2, 1),
    (26, DATEADD('DAY', -5, CURRENT_DATE), 3, 3, 1),
    (27, DATEADD('DAY', -5, CURRENT_DATE), 3, 4, 1),
    (28, DATEADD('DAY', -6, CURRENT_DATE), 4, 1, 1),
    (29, DATEADD('DAY', -6, CURRENT_DATE), 4, 2, 1),
    (30, DATEADD('DAY', -6, CURRENT_DATE), 4, 3, 1),
    (31, DATEADD('DAY', -6, CURRENT_DATE), 4, 4, 1),
    (32, DATEADD('DAY', -5, CURRENT_DATE), 4, 1, 1),
    (33, DATEADD('DAY', -5, CURRENT_DATE), 4, 2, 1),
    (34, DATEADD('DAY', -5, CURRENT_DATE), 4, 3, 1),
    (35, DATEADD('DAY', -6, CURRENT_DATE), 5, 1, 1),
    (36, DATEADD('DAY', -6, CURRENT_DATE), 5, 2, 1),
    (37, DATEADD('DAY', -6, CURRENT_DATE), 5, 3, 1),
    (38, DATEADD('DAY', -6, CURRENT_DATE), 5, 4, 1),
    (39, DATEADD('DAY', -5, CURRENT_DATE), 5, 1, 1),
    (40, DATEADD('DAY', -5, CURRENT_DATE), 5, 2, 1),
    (41, DATEADD('DAY', -6, CURRENT_DATE), 6, 1, 1),
    (42, DATEADD('DAY', -6, CURRENT_DATE), 6, 2, 1),
    (43, DATEADD('DAY', -6, CURRENT_DATE), 6, 3, 1),
    (44, DATEADD('DAY', -6, CURRENT_DATE), 6, 4, 1),
    (45, DATEADD('DAY', -5, CURRENT_DATE), 6, 1, 1),
    (46, DATEADD('DAY', -4, CURRENT_DATE), 7, 1, 1),
    (47, DATEADD('DAY', -4, CURRENT_DATE), 7, 2, 1),
    (48, DATEADD('DAY', -4, CURRENT_DATE), 7, 3, 1),
    (49, DATEADD('DAY', -4, CURRENT_DATE), 7, 4, 1),
    (50, DATEADD('DAY', -3, CURRENT_DATE), 8, 1, 1),
    (51, DATEADD('DAY', -3, CURRENT_DATE), 8, 2, 1),
    (52, DATEADD('DAY', -3, CURRENT_DATE), 8, 3, 1),
    (53, DATEADD('DAY', -3, CURRENT_DATE), 8, 4, 1),
    (54, DATEADD('DAY', -2, CURRENT_DATE), 9, 1, 1),
    (55, DATEADD('DAY', -2, CURRENT_DATE), 9, 2, 1),
    (56, DATEADD('DAY', -2, CURRENT_DATE), 9, 3, 1),
    (57, DATEADD('DAY', -2, CURRENT_DATE), 10, 2, 1),
    (58, DATEADD('DAY', -2, CURRENT_DATE), 10, 3, 1),
    (59, DATEADD('DAY', -2, CURRENT_DATE), 10, 4, 1),
    (60, DATEADD('DAY', -1, CURRENT_DATE), 11, 1, 1),
    (61, DATEADD('DAY', -1, CURRENT_DATE), 11, 2, 1),
    (62, DATEADD('DAY', -1, CURRENT_DATE), 12, 3, 1),
    (63, DATEADD('DAY', -1, CURRENT_DATE), 12, 4, 1),
    (64, DATEADD('DAY', -3, CURRENT_DATE), 13, 1, 1),
    (65, DATEADD('DAY', -3, CURRENT_DATE), 13, 2, 1),
    (66, DATEADD('DAY', -4, CURRENT_DATE), 14, 3, 1),
    (67, DATEADD('DAY', -4, CURRENT_DATE), 15, 4, 1),
    (68, DATEADD('DAY', -12, CURRENT_DATE), 13, 1, 1),
    (69, DATEADD('DAY', -12, CURRENT_DATE), 13, 2, 1),
    (70, DATEADD('DAY', -12, CURRENT_DATE), 13, 3, 1),
    (71, DATEADD('DAY', -12, CURRENT_DATE), 13, 4, 1),
    (72, DATEADD('DAY', -11, CURRENT_DATE), 13, 1, 1),
    (73, DATEADD('DAY', -11, CURRENT_DATE), 13, 2, 1),
    (74, DATEADD('DAY', -12, CURRENT_DATE), 14, 1, 1),
    (75, DATEADD('DAY', -12, CURRENT_DATE), 14, 2, 1),
    (76, DATEADD('DAY', -12, CURRENT_DATE), 14, 3, 1),
    (77, DATEADD('DAY', -12, CURRENT_DATE), 14, 4, 1),
    (78, DATEADD('DAY', -11, CURRENT_DATE), 15, 1, 1),
    (79, DATEADD('DAY', -11, CURRENT_DATE), 15, 2, 1),
    (80, DATEADD('DAY', -11, CURRENT_DATE), 15, 3, 1);

ALTER TABLE reservation_slot
    ALTER COLUMN id RESTART WITH 100;

INSERT INTO reservation (id, user_id, slot_id, status)
VALUES
    (1, 1, 1, 'RESERVED'),
    (2, 1, 2, 'RESERVED'),
    (3, 1, 3, 'RESERVED'),
    (4, 1, 4, 'RESERVED'),
    (5, 1, 5, 'RESERVED'),
    (6, 1, 6, 'RESERVED'),
    (7, 1, 7, 'RESERVED'),
    (8, 1, 8, 'RESERVED'),
    (9, 1, 9, 'RESERVED'),
    (10, 1, 10, 'RESERVED'),
    (11, 1, 11, 'RESERVED'),
    (12, 1, 12, 'RESERVED'),
    (13, 1, 13, 'RESERVED'),
    (14, 1, 14, 'RESERVED'),
    (15, 1, 15, 'RESERVED'),
    (16, 1, 16, 'RESERVED'),
    (17, 1, 17, 'RESERVED'),
    (18, 1, 18, 'RESERVED'),
    (19, 1, 19, 'RESERVED'),
    (20, 1, 20, 'RESERVED'),
    (21, 1, 21, 'RESERVED'),
    (22, 1, 22, 'RESERVED'),
    (23, 1, 23, 'RESERVED'),
    (24, 1, 24, 'RESERVED'),
    (25, 1, 25, 'RESERVED'),
    (26, 1, 26, 'RESERVED'),
    (27, 1, 27, 'RESERVED'),
    (28, 1, 28, 'RESERVED'),
    (29, 1, 29, 'RESERVED'),
    (30, 1, 30, 'RESERVED'),
    (31, 1, 31, 'RESERVED'),
    (32, 1, 32, 'RESERVED'),
    (33, 1, 33, 'RESERVED'),
    (34, 1, 34, 'RESERVED'),
    (35, 1, 35, 'RESERVED'),
    (36, 1, 36, 'RESERVED'),
    (37, 1, 37, 'RESERVED'),
    (38, 1, 38, 'RESERVED'),
    (39, 1, 39, 'RESERVED'),
    (40, 1, 40, 'RESERVED'),
    (41, 1, 41, 'RESERVED'),
    (42, 1, 42, 'RESERVED'),
    (43, 1, 43, 'RESERVED'),
    (44, 1, 44, 'RESERVED'),
    (45, 1, 45, 'RESERVED'),
    (46, 1, 46, 'RESERVED'),
    (47, 1, 47, 'RESERVED'),
    (48, 1, 48, 'RESERVED'),
    (49, 1, 49, 'RESERVED'),
    (50, 1, 50, 'RESERVED'),
    (51, 1, 51, 'RESERVED'),
    (52, 1, 52, 'RESERVED'),
    (53, 1, 53, 'RESERVED'),
    (54, 1, 54, 'RESERVED'),
    (55, 1, 55, 'RESERVED'),
    (56, 1, 56, 'RESERVED'),
    (57, 1, 57, 'RESERVED'),
    (58, 1, 58, 'RESERVED'),
    (59, 1, 59, 'RESERVED'),
    (60, 1, 60, 'RESERVED'),
    (61, 1, 61, 'RESERVED'),
    (62, 1, 62, 'RESERVED'),
    (63, 1, 63, 'RESERVED'),
    (64, 1, 64, 'RESERVED'),
    (65, 1, 65, 'RESERVED'),
    (66, 1, 66, 'RESERVED'),
    (67, 1, 67, 'RESERVED'),
    (68, 1, 68, 'RESERVED'),
    (69, 1, 69, 'RESERVED'),
    (70, 1, 70, 'RESERVED'),
    (71, 1, 71, 'RESERVED'),
    (72, 1, 72, 'RESERVED'),
    (73, 1, 73, 'RESERVED'),
    (74, 1, 74, 'RESERVED'),
    (75, 1, 75, 'RESERVED'),
    (76, 1, 76, 'RESERVED'),
    (77, 1, 77, 'RESERVED'),
    (78, 1, 78, 'RESERVED'),
    (79, 1, 79, 'RESERVED'),
    (80, 1, 80, 'RESERVED');

ALTER TABLE reservation
    ALTER COLUMN id RESTART WITH 100;
