INSERT INTO theme (id, name, description, thumbnail)
VALUES (1, 'Theme 1', 'Popular theme rank 1', 'https://example.com/theme-1.png'),
       (2, 'Theme 2', 'Popular theme rank 2', 'https://example.com/theme-2.png'),
       (3, 'Theme 3', 'Popular theme rank 3', 'https://example.com/theme-3.png'),
       (4, 'Theme 4', 'Popular theme rank 4', 'https://example.com/theme-4.png'),
       (5, 'Theme 5', 'Popular theme rank 5', 'https://example.com/theme-5.png'),
       (6, 'Theme 6', 'Popular theme rank 6', 'https://example.com/theme-6.png'),
       (7, 'Theme 7', 'Popular theme rank 7', 'https://example.com/theme-7.png'),
       (8, 'Theme 8', 'Popular theme rank 8', 'https://example.com/theme-8.png'),
       (9, 'Theme 9', 'Popular theme rank 9', 'https://example.com/theme-9.png'),
       (10, 'Theme 10', 'Popular theme rank 10', 'https://example.com/theme-10.png'),
       (11, 'Theme 11', 'Out of range reservations only', 'https://example.com/theme-11.png'),
       (12, 'Theme 12', 'No reservations', 'https://example.com/theme-12.png');

INSERT INTO reservation_time (id, start_at)
VALUES (1, '10:00:00'),
       (2, '12:00:00'),
       (3, '14:00:00'),
       (4, '16:00:00'),
       (5, '18:00:00'),
       (6, '20:00:00');

INSERT INTO reservation (id, name, date, time_id, theme_id, request_order, created_at)
VALUES (1, 'guest-1', '2026-04-29', 1, 1, 1, CURRENT_TIMESTAMP),
       (2, 'guest-2', '2026-04-29', 2, 1, 2, CURRENT_TIMESTAMP),
       (3, 'guest-3', '2026-04-30', 1, 1, 3, CURRENT_TIMESTAMP),
       (4, 'guest-4', '2026-05-01', 1, 1, 4, CURRENT_TIMESTAMP),
       (5, 'guest-5', '2026-05-02', 1, 1, 5, CURRENT_TIMESTAMP),
       (6, 'guest-6', '2026-05-03', 1, 1, 6, CURRENT_TIMESTAMP),
       (7, 'guest-7', '2026-05-04', 1, 1, 7, CURRENT_TIMESTAMP),
       (8, 'guest-8', '2026-05-05', 1, 1, 8, CURRENT_TIMESTAMP),
       (9, 'guest-9', '2026-05-05', 2, 1, 9, CURRENT_TIMESTAMP),
       (10, 'guest-10', '2026-05-05', 3, 1, 10, CURRENT_TIMESTAMP),
       (11, 'guest-11', '2026-04-29', 1, 2, 11, CURRENT_TIMESTAMP),
       (12, 'guest-12', '2026-04-29', 2, 2, 12, CURRENT_TIMESTAMP),
       (13, 'guest-13', '2026-04-30', 1, 2, 13, CURRENT_TIMESTAMP),
       (14, 'guest-14', '2026-05-01', 1, 2, 14, CURRENT_TIMESTAMP),
       (15, 'guest-15', '2026-05-02', 1, 2, 15, CURRENT_TIMESTAMP),
       (16, 'guest-16', '2026-05-03', 1, 2, 16, CURRENT_TIMESTAMP),
       (17, 'guest-17', '2026-05-04', 1, 2, 17, CURRENT_TIMESTAMP),
       (18, 'guest-18', '2026-05-05', 1, 2, 18, CURRENT_TIMESTAMP),
       (19, 'guest-19', '2026-05-05', 2, 2, 19, CURRENT_TIMESTAMP),
       (20, 'guest-20', '2026-04-29', 1, 3, 20, CURRENT_TIMESTAMP),
       (21, 'guest-21', '2026-04-29', 2, 3, 21, CURRENT_TIMESTAMP),
       (22, 'guest-22', '2026-04-30', 1, 3, 22, CURRENT_TIMESTAMP),
       (23, 'guest-23', '2026-05-01', 1, 3, 23, CURRENT_TIMESTAMP),
       (24, 'guest-24', '2026-05-02', 1, 3, 24, CURRENT_TIMESTAMP),
       (25, 'guest-25', '2026-05-03', 1, 3, 25, CURRENT_TIMESTAMP),
       (26, 'guest-26', '2026-05-04', 1, 3, 26, CURRENT_TIMESTAMP),
       (27, 'guest-27', '2026-05-05', 1, 3, 27, CURRENT_TIMESTAMP),
       (28, 'guest-28', '2026-04-29', 1, 4, 28, CURRENT_TIMESTAMP),
       (29, 'guest-29', '2026-04-29', 2, 4, 29, CURRENT_TIMESTAMP),
       (30, 'guest-30', '2026-04-30', 1, 4, 30, CURRENT_TIMESTAMP),
       (31, 'guest-31', '2026-05-01', 1, 4, 31, CURRENT_TIMESTAMP),
       (32, 'guest-32', '2026-05-02', 1, 4, 32, CURRENT_TIMESTAMP),
       (33, 'guest-33', '2026-05-03', 1, 4, 33, CURRENT_TIMESTAMP),
       (34, 'guest-34', '2026-05-04', 1, 4, 34, CURRENT_TIMESTAMP),
       (35, 'guest-35', '2026-04-29', 1, 5, 35, CURRENT_TIMESTAMP),
       (36, 'guest-36', '2026-04-29', 2, 5, 36, CURRENT_TIMESTAMP),
       (37, 'guest-37', '2026-04-30', 1, 5, 37, CURRENT_TIMESTAMP),
       (38, 'guest-38', '2026-05-01', 1, 5, 38, CURRENT_TIMESTAMP),
       (39, 'guest-39', '2026-05-02', 1, 5, 39, CURRENT_TIMESTAMP),
       (40, 'guest-40', '2026-05-03', 1, 5, 40, CURRENT_TIMESTAMP),
       (41, 'guest-41', '2026-04-29', 1, 6, 41, CURRENT_TIMESTAMP),
       (42, 'guest-42', '2026-04-29', 2, 6, 42, CURRENT_TIMESTAMP),
       (43, 'guest-43', '2026-04-30', 1, 6, 43, CURRENT_TIMESTAMP),
       (44, 'guest-44', '2026-05-01', 1, 6, 44, CURRENT_TIMESTAMP),
       (45, 'guest-45', '2026-05-02', 1, 6, 45, CURRENT_TIMESTAMP),
       (46, 'guest-46', '2026-04-29', 1, 7, 46, CURRENT_TIMESTAMP),
       (47, 'guest-47', '2026-04-29', 2, 7, 47, CURRENT_TIMESTAMP),
       (48, 'guest-48', '2026-04-30', 1, 7, 48, CURRENT_TIMESTAMP),
       (49, 'guest-49', '2026-05-01', 1, 7, 49, CURRENT_TIMESTAMP),
       (50, 'guest-50', '2026-04-29', 1, 8, 50, CURRENT_TIMESTAMP),
       (51, 'guest-51', '2026-04-29', 2, 8, 51, CURRENT_TIMESTAMP),
       (52, 'guest-52', '2026-04-30', 1, 8, 52, CURRENT_TIMESTAMP),
       (53, 'guest-53', '2026-04-29', 1, 9, 53, CURRENT_TIMESTAMP),
       (54, 'guest-54', '2026-04-29', 2, 9, 54, CURRENT_TIMESTAMP),
       (55, 'guest-55', '2026-04-29', 1, 10, 55, CURRENT_TIMESTAMP),
       (56, 'guest-56', '2026-05-06', 1, 11, 56, CURRENT_TIMESTAMP),
       (57, 'guest-57', '2026-05-06', 2, 11, 57, CURRENT_TIMESTAMP),
       (58, 'guest-58', '2026-04-28', 1, 11, 58, CURRENT_TIMESTAMP),
       (59, '브라운', '2026-07-01', 1, 12, 59, CURRENT_TIMESTAMP);

INSERT INTO payment_order (
    id,
    order_id,
    idempotency_key,
    amount,
    status,
    name,
    date,
    time_id,
    theme_id,
    payment_key,
    reservation_id,
    failure_code,
    failure_message,
    created_at,
    updated_at,
    confirmed_at
)
VALUES (1,
        'SEED_READY_ORDER',
        '11111111-1111-4111-8111-111111111111',
        1000,
        'READY',
        '브라운',
        '2026-07-01',
        2,
        12,
        NULL,
        NULL,
        NULL,
        NULL,
        CURRENT_TIMESTAMP,
        CURRENT_TIMESTAMP,
        NULL),
       (2,
        'SEED_CONFIRMED_ORDER',
        '22222222-2222-4222-8222-222222222222',
        1000,
        'CONFIRMED',
        '브라운',
        '2026-07-01',
        1,
        12,
        'seed-payment-key-confirmed',
        59,
        NULL,
        NULL,
        CURRENT_TIMESTAMP,
        CURRENT_TIMESTAMP,
        CURRENT_TIMESTAMP),
       (3,
        'SEED_FAILED_ORDER',
        '33333333-3333-4333-8333-333333333333',
        1000,
        'FAILED',
        '브라운',
        '2026-07-01',
        3,
        12,
        NULL,
        NULL,
        'REJECT_CARD_PAYMENT',
        '카드 결제가 거절되었습니다.',
        CURRENT_TIMESTAMP,
        CURRENT_TIMESTAMP,
        NULL),
       (4,
        'SEED_PENDING_ORDER',
        '44444444-4444-4444-8444-444444444444',
        1000,
        'PENDING_CONFIRMATION',
        '브라운',
        '2026-07-01',
        4,
        12,
        NULL,
        NULL,
        NULL,
        NULL,
        CURRENT_TIMESTAMP,
        CURRENT_TIMESTAMP,
        NULL);

ALTER TABLE theme
    ALTER COLUMN id RESTART WITH 13;
ALTER TABLE reservation_time
    ALTER COLUMN id RESTART WITH 7;
ALTER TABLE reservation
    ALTER COLUMN id RESTART WITH 60;
ALTER TABLE payment_order
    ALTER COLUMN id RESTART WITH 5;
ALTER SEQUENCE reservation_request_order_seq RESTART WITH 60;
