INSERT INTO theme (id, name, description, image_url, running_time)
VALUES (1, '공포의 병원', '버려진 정신병원에서 탈출해야 합니다.', 'https://picsum.photos/200/300', 60),
       (2, '박물관 침입', '전설의 다이아몬드를 훔쳐 나오세요.', 'https://picsum.photos/200/300', 60),
       (3, '셜록의 서재', '명탐정의 서재 속에 숨겨진 비밀을 찾으세요.', 'https://picsum.photos/200/300', 60),
       (4, '우주선 탈출', '산소가 떨어지기 전에 지구로 귀환해야 합니다.', 'https://picsum.photos/200/300', 60),
       (5, '심해의 비밀', '심해 3000m 아래 기지에서 벌어지는 미스터리.', 'https://picsum.photos/200/300', 60),
       (6, '서부의 무법자', '현상금 사냥꾼이 되어 무법자를 잡으세요.', 'https://picsum.photos/200/300', 60),
       (7, '마법사의 방', '금지된 마법 주문을 완성해야 합니다.', 'https://picsum.photos/200/300', 60),
       (8, '감옥 탈출', '억울한 누명을 벗고 탈옥에 성공하세요.', 'https://picsum.photos/200/300', 60),
       (9, '버려진 놀이공원', '밤마다 들리는 회전목마 소리의 진실은?', 'https://picsum.photos/200/300', 60),
       (10, '고대 이집트의 저주', '파라오의 무덤 속 트랩을 피하세요.', 'https://picsum.photos/200/300', 60),
       (11, '해적선 보물찾기', '사라진 해적왕의 보물 지도를 찾으세요.', 'https://picsum.photos/200/300', 60),
       (12, '숲속의 오두막', '안개 낀 숲속, 길을 잃은 당신 앞에 나타난 오두막.', 'https://picsum.photos/200/300', 60);

INSERT INTO reservation_time (id, start_at)
VALUES (1, '10:00:00'), (2, '11:00:00'), (3, '12:00:00'), (4, '13:00:00'), (5, '14:00:00'), (6, '15:00:00');

INSERT INTO slot (id, date, time_id, theme_id)
VALUES (1, '2026-05-01', 1, 1), (2, '2026-05-02', 2, 1), (3, '2026-05-03', 3, 1), (4, '2026-05-04', 4, 1), (5, '2026-05-05', 1, 1),
       (6, '2026-05-01', 1, 2), (7, '2026-05-02', 2, 2), (8, '2026-05-03', 3, 2), (9, '2026-05-04', 4, 2),
       (10, '2026-05-05', 1, 3), (11, '2026-05-06', 2, 3), (12, '2026-05-06', 3, 3),
       (13, '2026-05-01', 1, 6), (14, '2026-05-02', 2, 6),
       (15, '2026-05-03', 1, 5), (16, '2026-05-04', 2, 5),
       (17, '2026-05-05', 1, 4), (18, '2026-05-06', 2, 4),
       (19, '2026-05-06', 1, 8),
       (20, '2026-05-01', 2, 7),
       (21, '2026-04-20', 1, 11), (22, '2026-05-08', 2, 11);

INSERT INTO reservation (slot_id, name, status, created_at)
VALUES (1, '루드비코', 'CONFIRMED', TIMESTAMP '2026-04-01 00:00:00'),
       (2, '어셔', 'CONFIRMED', TIMESTAMP '2026-04-01 00:00:00'),
       (3, '브라운', 'CONFIRMED', TIMESTAMP '2026-04-01 00:00:00'),
       (4, '제이슨', 'CONFIRMED', TIMESTAMP '2026-04-01 00:00:00'),
       (5, '고릴라', 'CONFIRMED', TIMESTAMP '2026-04-01 00:00:00'),
       (6, '코코', 'CONFIRMED', TIMESTAMP '2026-04-01 00:00:00'),
       (7, '공구', 'CONFIRMED', TIMESTAMP '2026-04-01 00:00:00'),
       (8, '구구', 'CONFIRMED', TIMESTAMP '2026-04-01 00:00:00'),
       (9, '주디', 'CONFIRMED', TIMESTAMP '2026-04-01 00:00:00'),
       (10, '참가자1', 'CONFIRMED', TIMESTAMP '2026-04-01 00:00:00'),
       (11, '참가자2', 'CONFIRMED', TIMESTAMP '2026-04-01 00:00:00'),
       (12, '참가자3', 'CONFIRMED', TIMESTAMP '2026-04-01 00:00:00'),
       (13, '참가자4', 'CONFIRMED', TIMESTAMP '2026-04-01 00:00:00'),
       (14, '참가자5', 'CONFIRMED', TIMESTAMP '2026-04-01 00:00:00'),
       (15, '참가자6', 'CONFIRMED', TIMESTAMP '2026-04-01 00:00:00'),
       (16, '참가자7', 'CONFIRMED', TIMESTAMP '2026-04-01 00:00:00'),
       (17, '참가자8', 'CONFIRMED', TIMESTAMP '2026-04-01 00:00:00'),
       (18, '참가자9', 'CONFIRMED', TIMESTAMP '2026-04-01 00:00:00'),
       (19, '참가자10', 'CONFIRMED', TIMESTAMP '2026-04-01 00:00:00'),
       (20, '참가자11', 'CONFIRMED', TIMESTAMP '2026-04-01 00:00:00'),
       (21, '나그네', 'CONFIRMED', TIMESTAMP '2026-04-01 00:00:00'),
       (22, '방문객', 'CONFIRMED', TIMESTAMP '2026-04-01 00:00:00');
