INSERT INTO reservation_time (id, start_at)
VALUES (1, '10:00'),
       (2, '11:00'),
       (3, '13:00'),
       (4, '14:00'),
       (5, '15:00'),
       (6, '16:00'),
       (7, '17:00'),
       (8, '18:00'),
       (9, '19:00'),
       (10, '20:00'),
       (11, '21:00');

INSERT INTO theme (id, name, description, img_url)
VALUES (1, '이든의 공포 하우스', '이든이 귀신으로 나오는 공포 테마', 'https://images.example.com/themes/horror-house.jpg'),
       (2, '정콩이의 방탈출', '정콩이가 지키는 미스터리 방탈출', 'https://images.example.com/themes/jungkong-room.jpg'),
       (3, '우주 정거장 탈출', '고장 난 우주 정거장에서 귀환하는 SF 테마', 'https://images.example.com/themes/space-station.jpg'),
       (4, '고대 유적의 비밀', '사라진 유적의 문을 여는 어드벤처 테마', 'https://images.example.com/themes/ancient-ruins.jpg'),
       (5, '마법사의 서재', '봉인된 주문서를 찾아 탈출하는 판타지 테마', 'https://images.example.com/themes/wizard-library.jpg'),
       (6, '좀비 연구소', '감염이 퍼진 연구소에서 탈출하는 스릴러 테마', 'https://images.example.com/themes/zombie-lab.jpg'),
       (7, '해적선의 보물', '저주받은 해적선에서 보물을 찾아 탈출하는 테마', 'https://images.example.com/themes/pirate-ship.jpg'),
       (8, '미스터리 호텔', '사라진 투숙객의 단서를 찾는 미스터리 테마', 'https://images.example.com/themes/mystery-hotel.jpg'),
       (9, '시간의 문', '뒤틀린 시간 속에서 원래 세계로 돌아가는 테마', 'https://images.example.com/themes/time-gate.jpg'),
       (10, '사라진 탐정', '실종된 탐정의 마지막 사건을 추적하는 테마', 'https://images.example.com/themes/missing-detective.jpg'),
       (11, '집계 제외 후보', '상위 10개 경계 밖으로 밀릴 테마', 'https://images.example.com/themes/excluded-candidate.jpg');

INSERT INTO store (id, name)
VALUES (1, '강남점');

INSERT INTO member (id, email, password, name)
VALUES (1, 'brown@email.com', 'password', '브라운');

INSERT INTO reservation (member_id, date, time_id, theme_id, store_id)
VALUES (1, '2026-05-01', 1, 1, 1),
       (1, '2026-05-02', 1, 1, 1),
       (1, '2026-05-03', 1, 1, 1),
       (1, '2026-05-04', 1, 1, 1),
       (1, '2026-05-05', 1, 1, 1),
       (1, '2026-05-06', 1, 1, 1),
       (1, '2026-05-07', 1, 1, 1),
       (1, '2026-05-01', 2, 1, 1),
       (1, '2026-05-02', 2, 1, 1),
       (1, '2026-05-03', 2, 1, 1),
       (1, '2026-05-04', 2, 1, 1),

       (1, '2026-05-01', 1, 2, 1),
       (1, '2026-05-02', 1, 2, 1),
       (1, '2026-05-03', 1, 2, 1),
       (1, '2026-05-04', 1, 2, 1),
       (1, '2026-05-05', 1, 2, 1),
       (1, '2026-05-06', 1, 2, 1),
       (1, '2026-05-07', 1, 2, 1),
       (1, '2026-05-01', 2, 2, 1),
       (1, '2026-05-02', 2, 2, 1),
       (1, '2026-05-03', 2, 2, 1),

       (1, '2026-05-01', 1, 3, 1),
       (1, '2026-05-02', 1, 3, 1),
       (1, '2026-05-03', 1, 3, 1),
       (1, '2026-05-04', 1, 3, 1),
       (1, '2026-05-05', 1, 3, 1),
       (1, '2026-05-06', 1, 3, 1),
       (1, '2026-05-07', 1, 3, 1),
       (1, '2026-05-01', 2, 3, 1),
       (1, '2026-05-02', 2, 3, 1),

       (1, '2026-05-01', 1, 4, 1),
       (1, '2026-05-02', 1, 4, 1),
       (1, '2026-05-03', 1, 4, 1),
       (1, '2026-05-04', 1, 4, 1),
       (1, '2026-05-05', 1, 4, 1),
       (1, '2026-05-06', 1, 4, 1),
       (1, '2026-05-07', 1, 4, 1),
       (1, '2026-05-01', 2, 4, 1),

       (1, '2026-05-01', 1, 5, 1),
       (1, '2026-05-02', 1, 5, 1),
       (1, '2026-05-03', 1, 5, 1),
       (1, '2026-05-04', 1, 5, 1),
       (1, '2026-05-05', 1, 5, 1),
       (1, '2026-05-06', 1, 5, 1),
       (1, '2026-05-07', 1, 5, 1),

       (1, '2026-05-01', 1, 6, 1),
       (1, '2026-05-02', 1, 6, 1),
       (1, '2026-05-03', 1, 6, 1),
       (1, '2026-05-04', 1, 6, 1),
       (1, '2026-05-05', 1, 6, 1),
       (1, '2026-05-06', 1, 6, 1),

       (1, '2026-05-01', 1, 7, 1),
       (1, '2026-05-02', 1, 7, 1),
       (1, '2026-05-03', 1, 7, 1),
       (1, '2026-05-04', 1, 7, 1),
       (1, '2026-05-05', 1, 7, 1),

       (1, '2026-05-01', 1, 8, 1),
       (1, '2026-05-02', 1, 8, 1),
       (1, '2026-05-03', 1, 8, 1),
       (1, '2026-05-04', 1, 8, 1),

       (1, '2026-05-01', 1, 9, 1),
       (1, '2026-05-02', 1, 9, 1),
       (1, '2026-05-03', 1, 9, 1),

       (1, '2026-05-01', 1, 10, 1),
       (1, '2026-05-02', 1, 10, 1),

       (1, '2026-05-01', 1, 11, 1);
